{"id":"1759ACBE-3DF8-4C81-A632-45601A233111","validationEntity":{"analysedDataType":"auto","dataResult":{"createdDate":"2023-05-02T11:09:55Z"}},"modelEntity":{"createdDate":"2023-05-02T11:09:55Z","id":"2D58F102-5691-4A9E-96B2-2749E8641C49","experimentID":"1759ACBE-3DF8-4C81-A632-45601A233111","title":"","modifiedDate":"2023-05-02T11:09:55Z","preferredFilename":"","version":"1.0","modelURL":"Models\/CatDogImageClassification%201.mlmodel"},"version":"1.0","settingEntity":{"taskType":"imageClassifier","augmentations":[],"styleTransferAlgorithmType":"image","iterationCount":25,"transferLearningEmbeddingType":"dynamic","harVideoAugmentations":0,"handPoseClassifierAugmentations":[],"algorithmType":"maxEnt","handActionClassifierAugmentations":[],"seedType":"default","featureNames":[]},"state":"trained","trainingEntity":{"finishTime":"2023-05-02T11:14:06Z","validationResults":{"imageClassifier":{"confusionMatrix":[{"expected":"cat","actual":"cat","count":62},{"expected":"dog","actual":"cat","count":3},{"expected":"cat","actual":"dog","count":1},{"expected":"dog","actual":"dog","count":47}],"statsByLabel":{"cat":{"count":65,"precisionRecall":{"success":{"recall":0.9538461538461539,"precision":0.98412698412698407}}},"dog":{"count":48,"precisionRecall":{"success":{"recall":0.97916666666666663,"precision":0.93999999999999995}}}},"accuracy":0.96460176991150437}},"dataURL":"file:\/\/\/Users\/tanmaynema\/Desktop\/Projects\/SwiftUI-DogCatClassifier\/Training%20Data\/","dataResult":{"itemsCount":1970,"createdDate":"2023-05-02T11:09:55Z","dataURL":"file:\/\/\/Users\/tanmaynema\/Desktop\/Projects\/SwiftUI-DogCatClassifier\/Training%20Data\/","dataSourceID":"61F6B0EE-5CF4-46DD-AA2A-AF2FD06D3D6E","classesCount":2,"dataAnalysis":{"summary":{"sampleCount":1970,"classCount":2,"canUseValidation":1},"issues":[{"description":"2 classes found, including cat, dog","severity":"debug"},{"description":"1970 images found, automatically creating validation set","severity":"good"},{"description":"Smallest class is \"dog\" with 985 images","severity":"debug"},{"description":"Largest class is \"cat\" with 985 images","severity":"debug"}],"classifierAnalysis":{"labelStats":{"cat":985,"dog":985}}}},"trainingResults":{"imageClassifier":{"confusionMatrix":[{"expected":"cat","actual":"cat","count":920},{"expected":"dog","actual":"dog","count":937}],"statsByLabel":{"cat":{"count":920,"precisionRecall":{"success":{"recall":1,"precision":1}}},"dog":{"count":937,"precisionRecall":{"success":{"recall":1,"precision":1}}}},"accuracy":1}},"progress":[{"currentRowIndex":0,"tableIndex":0,"count":0,"isLast":false,"percentComplete":0,"tableDone":false},{"icTrainingColumnHeader":{"hasValidation":true,"elapsedTime":1.1695180000000001,"trainingAccuracy":0.94507300000000005,"iterationCount":1,"validationAccuracy":0.90265499999999999},"isLast":false,"currentRowIndex":0,"count":1,"tableDone":false,"tableIndex":394,"percentComplete":0},{"icTrainingColumnHeader":{"hasValidation":true,"elapsedTime":1.742378,"trainingAccuracy":0.97307500000000002,"iterationCount":2,"validationAccuracy":0.92920400000000003},"isLast":false,"currentRowIndex":0,"count":2,"tableDone":false,"tableIndex":394,"percentComplete":0},{"icTrainingColumnHeader":{"hasValidation":true,"elapsedTime":1.9744919999999999,"trainingAccuracy":0.97361299999999995,"iterationCount":3,"validationAccuracy":0.92920400000000003},"isLast":false,"currentRowIndex":0,"count":3,"tableDone":false,"tableIndex":394,"percentComplete":0},{"icTrainingColumnHeader":{"hasValidation":true,"elapsedTime":2.5011480000000001,"trainingAccuracy":0.97199800000000003,"iterationCount":4,"validationAccuracy":0.92035400000000001},"isLast":false,"currentRowIndex":0,"count":4,"tableDone":false,"tableIndex":394,"percentComplete":0},{"icTrainingColumnHeader":{"hasValidation":true,"elapsedTime":2.7334019999999999,"trainingAccuracy":0.97307500000000002,"iterationCount":5,"validationAccuracy":0.93805300000000003},"isLast":false,"currentRowIndex":0,"count":5,"tableDone":false,"tableIndex":394,"percentComplete":0},{"icTrainingColumnHeader":{"hasValidation":true,"elapsedTime":4.0572100000000004,"trainingAccuracy":0.99784600000000001,"iterationCount":10,"validationAccuracy":0.96460199999999996},"isLast":false,"currentRowIndex":0,"count":10,"tableDone":false,"tableIndex":394,"percentComplete":0},{"currentRowIndex":0,"tableIndex":0,"count":15,"isLast":false,"percentComplete":0,"tableDone":false},{"icTrainingColumnHeader":{"hasValidation":true,"elapsedTime":6.169181,"trainingAccuracy":1,"iterationCount":20,"validationAccuracy":0.96460199999999996},"isLast":false,"currentRowIndex":0,"count":20,"tableDone":false,"tableIndex":394,"percentComplete":0},{"icTrainingColumnHeader":{"hasValidation":true,"elapsedTime":7.2547769999999998,"trainingAccuracy":1,"iterationCount":25,"validationAccuracy":0.96460199999999996},"isLast":false,"currentRowIndex":0,"count":25,"tableDone":true,"tableIndex":394,"percentComplete":0},{"currentRowIndex":0,"tableIndex":0,"count":30,"isLast":false,"percentComplete":0,"tableDone":false},{"currentRowIndex":0,"tableIndex":0,"count":35,"isLast":false,"percentComplete":0,"tableDone":false},{"currentRowIndex":0,"tableIndex":0,"count":40,"isLast":false,"percentComplete":0,"tableDone":false},{"currentRowIndex":0,"tableIndex":0,"count":45,"isLast":false,"percentComplete":0,"tableDone":false},{"currentRowIndex":0,"tableIndex":0,"count":50,"isLast":false,"percentComplete":0,"tableDone":false},{"currentRowIndex":0,"tableIndex":0,"count":55,"isLast":false,"percentComplete":0,"tableDone":false},{"currentRowIndex":0,"tableIndex":0,"count":60,"isLast":false,"percentComplete":0,"tableDone":false},{"currentRowIndex":0,"tableIndex":0,"count":65,"isLast":false,"percentComplete":0,"tableDone":false},{"currentRowIndex":0,"tableIndex":0,"count":70,"isLast":false,"percentComplete":0,"tableDone":false},{"currentRowIndex":0,"tableIndex":0,"count":75,"isLast":false,"percentComplete":0,"tableDone":false},{"currentRowIndex":0,"tableIndex":0,"count":80,"isLast":false,"percentComplete":0,"tableDone":false},{"currentRowIndex":0,"tableIndex":0,"count":85,"isLast":false,"percentComplete":0,"tableDone":false},{"currentRowIndex":0,"tableIndex":0,"count":90,"isLast":false,"percentComplete":0,"tableDone":false},{"currentRowIndex":0,"tableIndex":0,"count":95,"isLast":false,"percentComplete":0,"tableDone":false},{"currentRowIndex":0,"tableIndex":0,"count":100,"isLast":false,"percentComplete":0,"tableDone":false},{"currentRowIndex":0,"tableIndex":0,"count":105,"isLast":false,"percentComplete":0,"tableDone":false},{"currentRowIndex":0,"tableIndex":0,"count":110,"isLast":false,"percentComplete":0,"tableDone":false},{"currentRowIndex":0,"tableIndex":0,"count":115,"isLast":false,"percentComplete":0,"tableDone":false},{"currentRowIndex":0,"tableIndex":0,"count":120,"isLast":false,"percentComplete":0,"tableDone":false},{"currentRowIndex":0,"tableIndex":0,"count":125,"isLast":false,"percentComplete":0,"tableDone":false},{"currentRowIndex":0,"tableIndex":0,"count":130,"isLast":false,"percentComplete":0,"tableDone":false},{"currentRowIndex":0,"tableIndex":0,"count":135,"isLast":false,"percentComplete":0,"tableDone":false},{"currentRowIndex":0,"tableIndex":0,"count":140,"isLast":false,"percentComplete":0,"tableDone":false},{"currentRowIndex":0,"tableIndex":0,"count":145,"isLast":false,"percentComplete":0,"tableDone":false},{"currentRowIndex":0,"tableIndex":0,"count":150,"isLast":false,"percentComplete":0,"tableDone":false},{"currentRowIndex":0,"tableIndex":0,"count":155,"isLast":false,"percentComplete":0,"tableDone":false},{"currentRowIndex":0,"tableIndex":0,"count":160,"isLast":false,"percentComplete":0,"tableDone":false},{"currentRowIndex":0,"tableIndex":0,"count":165,"isLast":false,"percentComplete":0,"tableDone":false},{"currentRowIndex":0,"tableIndex":0,"count":170,"isLast":false,"percentComplete":0,"tableDone":false},{"currentRowIndex":0,"tableIndex":0,"count":175,"isLast":false,"percentComplete":0,"tableDone":false},{"currentRowIndex":0,"tableIndex":0,"count":180,"isLast":false,"percentComplete":0,"tableDone":false},{"currentRowIndex":0,"tableIndex":0,"count":185,"isLast":false,"percentComplete":0,"tableDone":false},{"currentRowIndex":0,"tableIndex":0,"count":190,"isLast":false,"percentComplete":0,"tableDone":false},{"currentRowIndex":0,"tableIndex":0,"count":195,"isLast":false,"percentComplete":0,"tableDone":false},{"currentRowIndex":0,"tableIndex":0,"count":200,"isLast":false,"percentComplete":0,"tableDone":false},{"currentRowIndex":0,"tableIndex":0,"count":205,"isLast":false,"percentComplete":0,"tableDone":false},{"currentRowIndex":0,"tableIndex":0,"count":210,"isLast":false,"percentComplete":0,"tableDone":false},{"currentRowIndex":0,"tableIndex":0,"count":215,"isLast":false,"percentComplete":0,"tableDone":false},{"currentRowIndex":0,"tableIndex":0,"count":220,"isLast":false,"percentComplete":0,"tableDone":false},{"currentRowIndex":0,"tableIndex":0,"count":225,"isLast":false,"percentComplete":0,"tableDone":false},{"currentRowIndex":0,"tableIndex":0,"count":230,"isLast":false,"percentComplete":0,"tableDone":false},{"currentRowIndex":0,"tableIndex":0,"count":235,"isLast":false,"percentComplete":0,"tableDone":false},{"currentRowIndex":0,"tableIndex":0,"count":240,"isLast":false,"percentComplete":0,"tableDone":false},{"currentRowIndex":0,"tableIndex":0,"count":245,"isLast":false,"percentComplete":0,"tableDone":false},{"currentRowIndex":0,"tableIndex":0,"count":250,"isLast":false,"percentComplete":0,"tableDone":false},{"currentRowIndex":0,"tableIndex":0,"count":255,"isLast":false,"percentComplete":0,"tableDone":false},{"currentRowIndex":0,"tableIndex":0,"count":260,"isLast":false,"percentComplete":0,"tableDone":false},{"currentRowIndex":0,"tableIndex":0,"count":265,"isLast":false,"percentComplete":0,"tableDone":false},{"currentRowIndex":0,"tableIndex":0,"count":270,"isLast":false,"percentComplete":0,"tableDone":false},{"currentRowIndex":0,"tableIndex":0,"count":275,"isLast":false,"percentComplete":0,"tableDone":false},{"currentRowIndex":0,"tableIndex":0,"count":280,"isLast":false,"percentComplete":0,"tableDone":false},{"currentRowIndex":0,"tableIndex":0,"count":285,"isLast":false,"percentComplete":0,"tableDone":false},{"currentRowIndex":0,"tableIndex":0,"count":290,"isLast":false,"percentComplete":0,"tableDone":false},{"currentRowIndex":0,"tableIndex":0,"count":295,"isLast":false,"percentComplete":0,"tableDone":false},{"currentRowIndex":0,"tableIndex":0,"count":300,"isLast":false,"percentComplete":0,"tableDone":false},{"currentRowIndex":0,"tableIndex":0,"count":305,"isLast":false,"percentComplete":0,"tableDone":false},{"currentRowIndex":0,"tableIndex":0,"count":310,"isLast":false,"percentComplete":0,"tableDone":false},{"currentRowIndex":0,"tableIndex":0,"count":315,"isLast":false,"percentComplete":0,"tableDone":false},{"currentRowIndex":0,"tableIndex":0,"count":320,"isLast":false,"percentComplete":0,"tableDone":false},{"currentRowIndex":0,"tableIndex":0,"count":325,"isLast":false,"percentComplete":0,"tableDone":false},{"currentRowIndex":0,"tableIndex":0,"count":330,"isLast":false,"percentComplete":0,"tableDone":false},{"currentRowIndex":0,"tableIndex":0,"count":335,"isLast":false,"percentComplete":0,"tableDone":false},{"currentRowIndex":0,"tableIndex":0,"count":340,"isLast":false,"percentComplete":0,"tableDone":false},{"currentRowIndex":0,"tableIndex":0,"count":345,"isLast":false,"percentComplete":0,"tableDone":false},{"currentRowIndex":0,"tableIndex":0,"count":350,"isLast":false,"percentComplete":0,"tableDone":false},{"currentRowIndex":0,"tableIndex":0,"count":355,"isLast":false,"percentComplete":0,"tableDone":false},{"currentRowIndex":0,"tableIndex":0,"count":360,"isLast":false,"percentComplete":0,"tableDone":false},{"currentRowIndex":0,"tableIndex":0,"count":365,"isLast":false,"percentComplete":0,"tableDone":false},{"currentRowIndex":0,"tableIndex":0,"count":370,"isLast":false,"percentComplete":0,"tableDone":false},{"currentRowIndex":0,"tableIndex":0,"count":375,"isLast":false,"percentComplete":0,"tableDone":false},{"currentRowIndex":0,"tableIndex":0,"count":380,"isLast":false,"percentComplete":0,"tableDone":false},{"currentRowIndex":0,"tableIndex":0,"count":385,"isLast":false,"percentComplete":0,"tableDone":false},{"currentRowIndex":0,"tableIndex":0,"count":390,"isLast":false,"percentComplete":0,"tableDone":false},{"currentRowIndex":0,"tableIndex":0,"count":395,"isLast":false,"percentComplete":0,"tableDone":false},{"currentRowIndex":0,"tableIndex":0,"count":400,"isLast":false,"percentComplete":0,"tableDone":false},{"currentRowIndex":0,"tableIndex":0,"count":405,"isLast":false,"percentComplete":0,"tableDone":false},{"currentRowIndex":0,"tableIndex":0,"count":410,"isLast":false,"percentComplete":0,"tableDone":false},{"currentRowIndex":0,"tableIndex":0,"count":415,"isLast":false,"percentComplete":0,"tableDone":false},{"currentRowIndex":0,"tableIndex":0,"count":420,"isLast":false,"percentComplete":0,"tableDone":false},{"currentRowIndex":0,"tableIndex":0,"count":425,"isLast":false,"percentComplete":0,"tableDone":false},{"currentRowIndex":0,"tableIndex":0,"count":430,"isLast":false,"percentComplete":0,"tableDone":false},{"currentRowIndex":0,"tableIndex":0,"count":435,"isLast":false,"percentComplete":0,"tableDone":false},{"currentRowIndex":0,"tableIndex":0,"count":440,"isLast":false,"percentComplete":0,"tableDone":false},{"currentRowIndex":0,"tableIndex":0,"count":445,"isLast":false,"percentComplete":0,"tableDone":false},{"currentRowIndex":0,"tableIndex":0,"count":450,"isLast":false,"percentComplete":0,"tableDone":false},{"currentRowIndex":0,"tableIndex":0,"count":455,"isLast":false,"percentComplete":0,"tableDone":false},{"currentRowIndex":0,"tableIndex":0,"count":460,"isLast":false,"percentComplete":0,"tableDone":false},{"currentRowIndex":0,"tableIndex":0,"count":465,"isLast":false,"percentComplete":0,"tableDone":false},{"currentRowIndex":0,"tableIndex":0,"count":470,"isLast":false,"percentComplete":0,"tableDone":false},{"currentRowIndex":0,"tableIndex":0,"count":475,"isLast":false,"percentComplete":0,"tableDone":false},{"currentRowIndex":0,"tableIndex":0,"count":480,"isLast":false,"percentComplete":0,"tableDone":false},{"currentRowIndex":0,"tableIndex":0,"count":485,"isLast":false,"percentComplete":0,"tableDone":false},{"currentRowIndex":0,"tableIndex":0,"count":490,"isLast":false,"percentComplete":0,"tableDone":false},{"currentRowIndex":0,"tableIndex":0,"count":495,"isLast":false,"percentComplete":0,"tableDone":false},{"currentRowIndex":0,"tableIndex":0,"count":500,"isLast":false,"percentComplete":0,"tableDone":false},{"currentRowIndex":0,"tableIndex":0,"count":505,"isLast":false,"percentComplete":0,"tableDone":false},{"currentRowIndex":0,"tableIndex":0,"count":510,"isLast":false,"percentComplete":0,"tableDone":false},{"currentRowIndex":0,"tableIndex":0,"count":515,"isLast":false,"percentComplete":0,"tableDone":false},{"currentRowIndex":0,"tableIndex":0,"count":520,"isLast":false,"percentComplete":0,"tableDone":false},{"currentRowIndex":0,"tableIndex":0,"count":525,"isLast":false,"percentComplete":0,"tableDone":false},{"currentRowIndex":0,"tableIndex":0,"count":530,"isLast":false,"percentComplete":0,"tableDone":false},{"currentRowIndex":0,"tableIndex":0,"count":535,"isLast":false,"percentComplete":0,"tableDone":false},{"currentRowIndex":0,"tableIndex":0,"count":540,"isLast":false,"percentComplete":0,"tableDone":false},{"currentRowIndex":0,"tableIndex":0,"count":545,"isLast":false,"percentComplete":0,"tableDone":false},{"currentRowIndex":0,"tableIndex":0,"count":550,"isLast":false,"percentComplete":0,"tableDone":false},{"currentRowIndex":0,"tableIndex":0,"count":555,"isLast":false,"percentComplete":0,"tableDone":false},{"currentRowIndex":0,"tableIndex":0,"count":560,"isLast":false,"percentComplete":0,"tableDone":false},{"currentRowIndex":0,"tableIndex":0,"count":565,"isLast":false,"percentComplete":0,"tableDone":false},{"currentRowIndex":0,"tableIndex":0,"count":570,"isLast":false,"percentComplete":0,"tableDone":false},{"currentRowIndex":0,"tableIndex":0,"count":575,"isLast":false,"percentComplete":0,"tableDone":false},{"currentRowIndex":0,"tableIndex":0,"count":580,"isLast":false,"percentComplete":0,"tableDone":false},{"currentRowIndex":0,"tableIndex":0,"count":585,"isLast":false,"percentComplete":0,"tableDone":false},{"currentRowIndex":0,"tableIndex":0,"count":590,"isLast":false,"percentComplete":0,"tableDone":false},{"currentRowIndex":0,"tableIndex":0,"count":595,"isLast":false,"percentComplete":0,"tableDone":false},{"currentRowIndex":0,"tableIndex":0,"count":600,"isLast":false,"percentComplete":0,"tableDone":false},{"currentRowIndex":0,"tableIndex":0,"count":605,"isLast":false,"percentComplete":0,"tableDone":false},{"currentRowIndex":0,"tableIndex":0,"count":610,"isLast":false,"percentComplete":0,"tableDone":false},{"currentRowIndex":0,"tableIndex":0,"count":615,"isLast":false,"percentComplete":0,"tableDone":false},{"currentRowIndex":0,"tableIndex":0,"count":620,"isLast":false,"percentComplete":0,"tableDone":false},{"currentRowIndex":0,"tableIndex":0,"count":625,"isLast":false,"percentComplete":0,"tableDone":false},{"currentRowIndex":0,"tableIndex":0,"count":630,"isLast":false,"percentComplete":0,"tableDone":false},{"currentRowIndex":0,"tableIndex":0,"count":635,"isLast":false,"percentComplete":0,"tableDone":false},{"currentRowIndex":0,"tableIndex":0,"count":640,"isLast":false,"percentComplete":0,"tableDone":false},{"currentRowIndex":0,"tableIndex":0,"count":645,"isLast":false,"percentComplete":0,"tableDone":false},{"currentRowIndex":0,"tableIndex":0,"count":650,"isLast":false,"percentComplete":0,"tableDone":false},{"currentRowIndex":0,"tableIndex":0,"count":655,"isLast":false,"percentComplete":0,"tableDone":false},{"currentRowIndex":0,"tableIndex":0,"count":660,"isLast":false,"percentComplete":0,"tableDone":false},{"currentRowIndex":0,"tableIndex":0,"count":665,"isLast":false,"percentComplete":0,"tableDone":false},{"currentRowIndex":0,"tableIndex":0,"count":670,"isLast":false,"percentComplete":0,"tableDone":false},{"currentRowIndex":0,"tableIndex":0,"count":675,"isLast":false,"percentComplete":0,"tableDone":false},{"currentRowIndex":0,"tableIndex":0,"count":680,"isLast":false,"percentComplete":0,"tableDone":false},{"currentRowIndex":0,"tableIndex":0,"count":685,"isLast":false,"percentComplete":0,"tableDone":false},{"currentRowIndex":0,"tableIndex":0,"count":690,"isLast":false,"percentComplete":0,"tableDone":false},{"currentRowIndex":0,"tableIndex":0,"count":695,"isLast":false,"percentComplete":0,"tableDone":false},{"currentRowIndex":0,"tableIndex":0,"count":700,"isLast":false,"percentComplete":0,"tableDone":false},{"currentRowIndex":0,"tableIndex":0,"count":705,"isLast":false,"percentComplete":0,"tableDone":false},{"currentRowIndex":0,"tableIndex":0,"count":710,"isLast":false,"percentComplete":0,"tableDone":false},{"currentRowIndex":0,"tableIndex":0,"count":715,"isLast":false,"percentComplete":0,"tableDone":false},{"currentRowIndex":0,"tableIndex":0,"count":720,"isLast":false,"percentComplete":0,"tableDone":false},{"currentRowIndex":0,"tableIndex":0,"count":725,"isLast":false,"percentComplete":0,"tableDone":false},{"currentRowIndex":0,"tableIndex":0,"count":730,"isLast":false,"percentComplete":0,"tableDone":false},{"currentRowIndex":0,"tableIndex":0,"count":735,"isLast":false,"percentComplete":0,"tableDone":false},{"currentRowIndex":0,"tableIndex":0,"count":740,"isLast":false,"percentComplete":0,"tableDone":false},{"currentRowIndex":0,"tableIndex":0,"count":745,"isLast":false,"percentComplete":0,"tableDone":false},{"currentRowIndex":0,"tableIndex":0,"count":750,"isLast":false,"percentComplete":0,"tableDone":false},{"currentRowIndex":0,"tableIndex":0,"count":755,"isLast":false,"percentComplete":0,"tableDone":false},{"currentRowIndex":0,"tableIndex":0,"count":760,"isLast":false,"percentComplete":0,"tableDone":false},{"currentRowIndex":0,"tableIndex":0,"count":765,"isLast":false,"percentComplete":0,"tableDone":false},{"currentRowIndex":0,"tableIndex":0,"count":770,"isLast":false,"percentComplete":0,"tableDone":false},{"currentRowIndex":0,"tableIndex":0,"count":775,"isLast":false,"percentComplete":0,"tableDone":false},{"currentRowIndex":0,"tableIndex":0,"count":780,"isLast":false,"percentComplete":0,"tableDone":false},{"currentRowIndex":0,"tableIndex":0,"count":785,"isLast":false,"percentComplete":0,"tableDone":false},{"currentRowIndex":0,"tableIndex":0,"count":790,"isLast":false,"percentComplete":0,"tableDone":false},{"currentRowIndex":0,"tableIndex":0,"count":795,"isLast":false,"percentComplete":0,"tableDone":false},{"currentRowIndex":0,"tableIndex":0,"count":800,"isLast":false,"percentComplete":0,"tableDone":false},{"currentRowIndex":0,"tableIndex":0,"count":805,"isLast":false,"percentComplete":0,"tableDone":false},{"currentRowIndex":0,"tableIndex":0,"count":810,"isLast":false,"percentComplete":0,"tableDone":false},{"currentRowIndex":0,"tableIndex":0,"count":815,"isLast":false,"percentComplete":0,"tableDone":false},{"currentRowIndex":0,"tableIndex":0,"count":820,"isLast":false,"percentComplete":0,"tableDone":false},{"currentRowIndex":0,"tableIndex":0,"count":825,"isLast":false,"percentComplete":0,"tableDone":false},{"currentRowIndex":0,"tableIndex":0,"count":830,"isLast":false,"percentComplete":0,"tableDone":false},{"currentRowIndex":0,"tableIndex":0,"count":835,"isLast":false,"percentComplete":0,"tableDone":false},{"currentRowIndex":0,"tableIndex":0,"count":840,"isLast":false,"percentComplete":0,"tableDone":false},{"currentRowIndex":0,"tableIndex":0,"count":845,"isLast":false,"percentComplete":0,"tableDone":false},{"currentRowIndex":0,"tableIndex":0,"count":850,"isLast":false,"percentComplete":0,"tableDone":false},{"currentRowIndex":0,"tableIndex":0,"count":855,"isLast":false,"percentComplete":0,"tableDone":false},{"currentRowIndex":0,"tableIndex":0,"count":860,"isLast":false,"percentComplete":0,"tableDone":false},{"currentRowIndex":0,"tableIndex":0,"count":865,"isLast":false,"percentComplete":0,"tableDone":false},{"currentRowIndex":0,"tableIndex":0,"count":870,"isLast":false,"percentComplete":0,"tableDone":false},{"currentRowIndex":0,"tableIndex":0,"count":875,"isLast":false,"percentComplete":0,"tableDone":false},{"currentRowIndex":0,"tableIndex":0,"count":880,"isLast":false,"percentComplete":0,"tableDone":false},{"currentRowIndex":0,"tableIndex":0,"count":885,"isLast":false,"percentComplete":0,"tableDone":false},{"currentRowIndex":0,"tableIndex":0,"count":890,"isLast":false,"percentComplete":0,"tableDone":false},{"currentRowIndex":0,"tableIndex":0,"count":895,"isLast":false,"percentComplete":0,"tableDone":false},{"currentRowIndex":0,"tableIndex":0,"count":900,"isLast":false,"percentComplete":0,"tableDone":false},{"currentRowIndex":0,"tableIndex":0,"count":905,"isLast":false,"percentComplete":0,"tableDone":false},{"currentRowIndex":0,"tableIndex":0,"count":910,"isLast":false,"percentComplete":0,"tableDone":false},{"currentRowIndex":0,"tableIndex":0,"count":915,"isLast":false,"percentComplete":0,"tableDone":false},{"currentRowIndex":0,"tableIndex":0,"count":920,"isLast":false,"percentComplete":0,"tableDone":false},{"currentRowIndex":0,"tableIndex":0,"count":925,"isLast":false,"percentComplete":0,"tableDone":false},{"currentRowIndex":0,"tableIndex":0,"count":930,"isLast":false,"percentComplete":0,"tableDone":false},{"currentRowIndex":0,"tableIndex":0,"count":935,"isLast":false,"percentComplete":0,"tableDone":false},{"currentRowIndex":0,"tableIndex":0,"count":940,"isLast":false,"percentComplete":0,"tableDone":false},{"currentRowIndex":0,"tableIndex":0,"count":945,"isLast":false,"percentComplete":0,"tableDone":false},{"currentRowIndex":0,"tableIndex":0,"count":950,"isLast":false,"percentComplete":0,"tableDone":false},{"currentRowIndex":0,"tableIndex":0,"count":955,"isLast":false,"percentComplete":0,"tableDone":false},{"currentRowIndex":0,"tableIndex":0,"count":960,"isLast":false,"percentComplete":0,"tableDone":false},{"currentRowIndex":0,"tableIndex":0,"count":965,"isLast":false,"percentComplete":0,"tableDone":false},{"currentRowIndex":0,"tableIndex":0,"count":970,"isLast":false,"percentComplete":0,"tableDone":false},{"currentRowIndex":0,"tableIndex":0,"count":975,"isLast":false,"percentComplete":0,"tableDone":false},{"currentRowIndex":0,"tableIndex":0,"count":980,"isLast":false,"percentComplete":0,"tableDone":false},{"currentRowIndex":0,"tableIndex":0,"count":985,"isLast":false,"percentComplete":0,"tableDone":false},{"currentRowIndex":0,"tableIndex":0,"count":990,"isLast":false,"percentComplete":0,"tableDone":false},{"currentRowIndex":0,"tableIndex":0,"count":995,"isLast":false,"percentComplete":0,"tableDone":false},{"currentRowIndex":0,"tableIndex":0,"count":1000,"isLast":false,"percentComplete":0,"tableDone":false},{"currentRowIndex":0,"tableIndex":0,"count":1005,"isLast":false,"percentComplete":0,"tableDone":false},{"currentRowIndex":0,"tableIndex":0,"count":1010,"isLast":false,"percentComplete":0,"tableDone":false},{"currentRowIndex":0,"tableIndex":0,"count":1015,"isLast":false,"percentComplete":0,"tableDone":false},{"currentRowIndex":0,"tableIndex":0,"count":1020,"isLast":false,"percentComplete":0,"tableDone":false},{"currentRowIndex":0,"tableIndex":0,"count":1025,"isLast":false,"percentComplete":0,"tableDone":false},{"currentRowIndex":0,"tableIndex":0,"count":1030,"isLast":false,"percentComplete":0,"tableDone":false},{"currentRowIndex":0,"tableIndex":0,"count":1035,"isLast":false,"percentComplete":0,"tableDone":false},{"currentRowIndex":0,"tableIndex":0,"count":1040,"isLast":false,"percentComplete":0,"tableDone":false},{"currentRowIndex":0,"tableIndex":0,"count":1045,"isLast":false,"percentComplete":0,"tableDone":false},{"currentRowIndex":0,"tableIndex":0,"count":1050,"isLast":false,"percentComplete":0,"tableDone":false},{"currentRowIndex":0,"tableIndex":0,"count":1055,"isLast":false,"percentComplete":0,"tableDone":false},{"currentRowIndex":0,"tableIndex":0,"count":1060,"isLast":false,"percentComplete":0,"tableDone":false},{"currentRowIndex":0,"tableIndex":0,"count":1065,"isLast":false,"percentComplete":0,"tableDone":false},{"currentRowIndex":0,"tableIndex":0,"count":1070,"isLast":false,"percentComplete":0,"tableDone":false},{"currentRowIndex":0,"tableIndex":0,"count":1075,"isLast":false,"percentComplete":0,"tableDone":false},{"currentRowIndex":0,"tableIndex":0,"count":1080,"isLast":false,"percentComplete":0,"tableDone":false},{"currentRowIndex":0,"tableIndex":0,"count":1085,"isLast":false,"percentComplete":0,"tableDone":false},{"currentRowIndex":0,"tableIndex":0,"count":1090,"isLast":false,"percentComplete":0,"tableDone":false},{"currentRowIndex":0,"tableIndex":0,"count":1095,"isLast":false,"percentComplete":0,"tableDone":false},{"currentRowIndex":0,"tableIndex":0,"count":1100,"isLast":false,"percentComplete":0,"tableDone":false},{"currentRowIndex":0,"tableIndex":0,"count":1105,"isLast":false,"percentComplete":0,"tableDone":false},{"currentRowIndex":0,"tableIndex":0,"count":1110,"isLast":false,"percentComplete":0,"tableDone":false},{"currentRowIndex":0,"tableIndex":0,"count":1115,"isLast":false,"percentComplete":0,"tableDone":false},{"currentRowIndex":0,"tableIndex":0,"count":1120,"isLast":false,"percentComplete":0,"tableDone":false},{"currentRowIndex":0,"tableIndex":0,"count":1125,"isLast":false,"percentComplete":0,"tableDone":false},{"currentRowIndex":0,"tableIndex":0,"count":1130,"isLast":false,"percentComplete":0,"tableDone":false},{"currentRowIndex":0,"tableIndex":0,"count":1135,"isLast":false,"percentComplete":0,"tableDone":false},{"currentRowIndex":0,"tableIndex":0,"count":1140,"isLast":false,"percentComplete":0,"tableDone":false},{"currentRowIndex":0,"tableIndex":0,"count":1145,"isLast":false,"percentComplete":0,"tableDone":false},{"currentRowIndex":0,"tableIndex":0,"count":1150,"isLast":false,"percentComplete":0,"tableDone":false},{"currentRowIndex":0,"tableIndex":0,"count":1155,"isLast":false,"percentComplete":0,"tableDone":false},{"currentRowIndex":0,"tableIndex":0,"count":1160,"isLast":false,"percentComplete":0,"tableDone":false},{"currentRowIndex":0,"tableIndex":0,"count":1165,"isLast":false,"percentComplete":0,"tableDone":false},{"currentRowIndex":0,"tableIndex":0,"count":1170,"isLast":false,"percentComplete":0,"tableDone":false},{"currentRowIndex":0,"tableIndex":0,"count":1175,"isLast":false,"percentComplete":0,"tableDone":false},{"currentRowIndex":0,"tableIndex":0,"count":1180,"isLast":false,"percentComplete":0,"tableDone":false},{"currentRowIndex":0,"tableIndex":0,"count":1185,"isLast":false,"percentComplete":0,"tableDone":false},{"currentRowIndex":0,"tableIndex":0,"count":1190,"isLast":false,"percentComplete":0,"tableDone":false},{"currentRowIndex":0,"tableIndex":0,"count":1195,"isLast":false,"percentComplete":0,"tableDone":false},{"currentRowIndex":0,"tableIndex":0,"count":1200,"isLast":false,"percentComplete":0,"tableDone":false},{"currentRowIndex":0,"tableIndex":0,"count":1205,"isLast":false,"percentComplete":0,"tableDone":false},{"currentRowIndex":0,"tableIndex":0,"count":1210,"isLast":false,"percentComplete":0,"tableDone":false},{"currentRowIndex":0,"tableIndex":0,"count":1215,"isLast":false,"percentComplete":0,"tableDone":false},{"currentRowIndex":0,"tableIndex":0,"count":1220,"isLast":false,"percentComplete":0,"tableDone":false},{"currentRowIndex":0,"tableIndex":0,"count":1225,"isLast":false,"percentComplete":0,"tableDone":false},{"currentRowIndex":0,"tableIndex":0,"count":1230,"isLast":false,"percentComplete":0,"tableDone":false},{"currentRowIndex":0,"tableIndex":0,"count":1235,"isLast":false,"percentComplete":0,"tableDone":false},{"currentRowIndex":0,"tableIndex":0,"count":1240,"isLast":false,"percentComplete":0,"tableDone":false},{"currentRowIndex":0,"tableIndex":0,"count":1245,"isLast":false,"percentComplete":0,"tableDone":false},{"currentRowIndex":0,"tableIndex":0,"count":1250,"isLast":false,"percentComplete":0,"tableDone":false},{"currentRowIndex":0,"tableIndex":0,"count":1255,"isLast":false,"percentComplete":0,"tableDone":false},{"currentRowIndex":0,"tableIndex":0,"count":1260,"isLast":false,"percentComplete":0,"tableDone":false},{"currentRowIndex":0,"tableIndex":0,"count":1265,"isLast":false,"percentComplete":0,"tableDone":false},{"currentRowIndex":0,"tableIndex":0,"count":1270,"isLast":false,"percentComplete":0,"tableDone":false},{"currentRowIndex":0,"tableIndex":0,"count":1275,"isLast":false,"percentComplete":0,"tableDone":false},{"currentRowIndex":0,"tableIndex":0,"count":1280,"isLast":false,"percentComplete":0,"tableDone":false},{"currentRowIndex":0,"tableIndex":0,"count":1285,"isLast":false,"percentComplete":0,"tableDone":false},{"currentRowIndex":0,"tableIndex":0,"count":1290,"isLast":false,"percentComplete":0,"tableDone":false},{"currentRowIndex":0,"tableIndex":0,"count":1295,"isLast":false,"percentComplete":0,"tableDone":false},{"currentRowIndex":0,"tableIndex":0,"count":1300,"isLast":false,"percentComplete":0,"tableDone":false},{"currentRowIndex":0,"tableIndex":0,"count":1305,"isLast":false,"percentComplete":0,"tableDone":false},{"currentRowIndex":0,"tableIndex":0,"count":1310,"isLast":false,"percentComplete":0,"tableDone":false},{"currentRowIndex":0,"tableIndex":0,"count":1315,"isLast":false,"percentComplete":0,"tableDone":false},{"currentRowIndex":0,"tableIndex":0,"count":1320,"isLast":false,"percentComplete":0,"tableDone":false},{"currentRowIndex":0,"tableIndex":0,"count":1325,"isLast":false,"percentComplete":0,"tableDone":false},{"currentRowIndex":0,"tableIndex":0,"count":1330,"isLast":false,"percentComplete":0,"tableDone":false},{"currentRowIndex":0,"tableIndex":0,"count":1335,"isLast":false,"percentComplete":0,"tableDone":false},{"currentRowIndex":0,"tableIndex":0,"count":1340,"isLast":false,"percentComplete":0,"tableDone":false},{"currentRowIndex":0,"tableIndex":0,"count":1345,"isLast":false,"percentComplete":0,"tableDone":false},{"currentRowIndex":0,"tableIndex":0,"count":1350,"isLast":false,"percentComplete":0,"tableDone":false},{"currentRowIndex":0,"tableIndex":0,"count":1355,"isLast":false,"percentComplete":0,"tableDone":false},{"currentRowIndex":0,"tableIndex":0,"count":1360,"isLast":false,"percentComplete":0,"tableDone":false},{"currentRowIndex":0,"tableIndex":0,"count":1365,"isLast":false,"percentComplete":0,"tableDone":false},{"currentRowIndex":0,"tableIndex":0,"count":1370,"isLast":false,"percentComplete":0,"tableDone":false},{"currentRowIndex":0,"tableIndex":0,"count":1375,"isLast":false,"percentComplete":0,"tableDone":false},{"currentRowIndex":0,"tableIndex":0,"count":1380,"isLast":false,"percentComplete":0,"tableDone":false},{"currentRowIndex":0,"tableIndex":0,"count":1385,"isLast":false,"percentComplete":0,"tableDone":false},{"currentRowIndex":0,"tableIndex":0,"count":1390,"isLast":false,"percentComplete":0,"tableDone":false},{"currentRowIndex":0,"tableIndex":0,"count":1395,"isLast":false,"percentComplete":0,"tableDone":false},{"currentRowIndex":0,"tableIndex":0,"count":1400,"isLast":false,"percentComplete":0,"tableDone":false},{"currentRowIndex":0,"tableIndex":0,"count":1405,"isLast":false,"percentComplete":0,"tableDone":false},{"currentRowIndex":0,"tableIndex":0,"count":1410,"isLast":false,"percentComplete":0,"tableDone":false},{"currentRowIndex":0,"tableIndex":0,"count":1415,"isLast":false,"percentComplete":0,"tableDone":false},{"currentRowIndex":0,"tableIndex":0,"count":1420,"isLast":false,"percentComplete":0,"tableDone":false},{"currentRowIndex":0,"tableIndex":0,"count":1425,"isLast":false,"percentComplete":0,"tableDone":false},{"currentRowIndex":0,"tableIndex":0,"count":1430,"isLast":false,"percentComplete":0,"tableDone":false},{"currentRowIndex":0,"tableIndex":0,"count":1435,"isLast":false,"percentComplete":0,"tableDone":false},{"currentRowIndex":0,"tableIndex":0,"count":1440,"isLast":false,"percentComplete":0,"tableDone":false},{"currentRowIndex":0,"tableIndex":0,"count":1445,"isLast":false,"percentComplete":0,"tableDone":false},{"currentRowIndex":0,"tableIndex":0,"count":1450,"isLast":false,"percentComplete":0,"tableDone":false},{"currentRowIndex":0,"tableIndex":0,"count":1455,"isLast":false,"percentComplete":0,"tableDone":false},{"currentRowIndex":0,"tableIndex":0,"count":1460,"isLast":false,"percentComplete":0,"tableDone":false},{"currentRowIndex":0,"tableIndex":0,"count":1465,"isLast":false,"percentComplete":0,"tableDone":false},{"currentRowIndex":0,"tableIndex":0,"count":1470,"isLast":false,"percentComplete":0,"tableDone":false},{"currentRowIndex":0,"tableIndex":0,"count":1475,"isLast":false,"percentComplete":0,"tableDone":false},{"currentRowIndex":0,"tableIndex":0,"count":1480,"isLast":false,"percentComplete":0,"tableDone":false},{"currentRowIndex":0,"tableIndex":0,"count":1485,"isLast":false,"percentComplete":0,"tableDone":false},{"currentRowIndex":0,"tableIndex":0,"count":1490,"isLast":false,"percentComplete":0,"tableDone":false},{"currentRowIndex":0,"tableIndex":0,"count":1495,"isLast":false,"percentComplete":0,"tableDone":false},{"currentRowIndex":0,"tableIndex":0,"count":1500,"isLast":false,"percentComplete":0,"tableDone":false},{"currentRowIndex":0,"tableIndex":0,"count":1505,"isLast":false,"percentComplete":0,"tableDone":false},{"currentRowIndex":0,"tableIndex":0,"count":1510,"isLast":false,"percentComplete":0,"tableDone":false},{"currentRowIndex":0,"tableIndex":0,"count":1515,"isLast":false,"percentComplete":0,"tableDone":false},{"currentRowIndex":0,"tableIndex":0,"count":1520,"isLast":false,"percentComplete":0,"tableDone":false},{"currentRowIndex":0,"tableIndex":0,"count":1525,"isLast":false,"percentComplete":0,"tableDone":false},{"currentRowIndex":0,"tableIndex":0,"count":1530,"isLast":false,"percentComplete":0,"tableDone":false},{"currentRowIndex":0,"tableIndex":0,"count":1535,"isLast":false,"percentComplete":0,"tableDone":false},{"currentRowIndex":0,"tableIndex":0,"count":1540,"isLast":false,"percentComplete":0,"tableDone":false},{"currentRowIndex":0,"tableIndex":0,"count":1545,"isLast":false,"percentComplete":0,"tableDone":false},{"currentRowIndex":0,"tableIndex":0,"count":1550,"isLast":false,"percentComplete":0,"tableDone":false},{"currentRowIndex":0,"tableIndex":0,"count":1555,"isLast":false,"percentComplete":0,"tableDone":false},{"currentRowIndex":0,"tableIndex":0,"count":1560,"isLast":false,"percentComplete":0,"tableDone":false},{"currentRowIndex":0,"tableIndex":0,"count":1565,"isLast":false,"percentComplete":0,"tableDone":false},{"currentRowIndex":0,"tableIndex":0,"count":1570,"isLast":false,"percentComplete":0,"tableDone":false},{"currentRowIndex":0,"tableIndex":0,"count":1575,"isLast":false,"percentComplete":0,"tableDone":false},{"currentRowIndex":0,"tableIndex":0,"count":1580,"isLast":false,"percentComplete":0,"tableDone":false},{"currentRowIndex":0,"tableIndex":0,"count":1585,"isLast":false,"percentComplete":0,"tableDone":false},{"currentRowIndex":0,"tableIndex":0,"count":1590,"isLast":false,"percentComplete":0,"tableDone":false},{"currentRowIndex":0,"tableIndex":0,"count":1595,"isLast":false,"percentComplete":0,"tableDone":false},{"currentRowIndex":0,"tableIndex":0,"count":1600,"isLast":false,"percentComplete":0,"tableDone":false},{"currentRowIndex":0,"tableIndex":0,"count":1605,"isLast":false,"percentComplete":0,"tableDone":false},{"currentRowIndex":0,"tableIndex":0,"count":1610,"isLast":false,"percentComplete":0,"tableDone":false},{"currentRowIndex":0,"tableIndex":0,"count":1615,"isLast":false,"percentComplete":0,"tableDone":false},{"currentRowIndex":0,"tableIndex":0,"count":1620,"isLast":false,"percentComplete":0,"tableDone":false},{"currentRowIndex":0,"tableIndex":0,"count":1625,"isLast":false,"percentComplete":0,"tableDone":false},{"currentRowIndex":0,"tableIndex":0,"count":1630,"isLast":false,"percentComplete":0,"tableDone":false},{"currentRowIndex":0,"tableIndex":0,"count":1635,"isLast":false,"percentComplete":0,"tableDone":false},{"currentRowIndex":0,"tableIndex":0,"count":1640,"isLast":false,"percentComplete":0,"tableDone":false},{"currentRowIndex":0,"tableIndex":0,"count":1645,"isLast":false,"percentComplete":0,"tableDone":false},{"currentRowIndex":0,"tableIndex":0,"count":1650,"isLast":false,"percentComplete":0,"tableDone":false},{"currentRowIndex":0,"tableIndex":0,"count":1655,"isLast":false,"percentComplete":0,"tableDone":false},{"currentRowIndex":0,"tableIndex":0,"count":1660,"isLast":false,"percentComplete":0,"tableDone":false},{"currentRowIndex":0,"tableIndex":0,"count":1665,"isLast":false,"percentComplete":0,"tableDone":false},{"currentRowIndex":0,"tableIndex":0,"count":1670,"isLast":false,"percentComplete":0,"tableDone":false},{"currentRowIndex":0,"tableIndex":0,"count":1675,"isLast":false,"percentComplete":0,"tableDone":false},{"currentRowIndex":0,"tableIndex":0,"count":1680,"isLast":false,"percentComplete":0,"tableDone":false},{"currentRowIndex":0,"tableIndex":0,"count":1685,"isLast":false,"percentComplete":0,"tableDone":false},{"currentRowIndex":0,"tableIndex":0,"count":1690,"isLast":false,"percentComplete":0,"tableDone":false},{"currentRowIndex":0,"tableIndex":0,"count":1695,"isLast":false,"percentComplete":0,"tableDone":false},{"currentRowIndex":0,"tableIndex":0,"count":1700,"isLast":false,"percentComplete":0,"tableDone":false},{"currentRowIndex":0,"tableIndex":0,"count":1705,"isLast":false,"percentComplete":0,"tableDone":false},{"currentRowIndex":0,"tableIndex":0,"count":1710,"isLast":false,"percentComplete":0,"tableDone":false},{"currentRowIndex":0,"tableIndex":0,"count":1715,"isLast":false,"percentComplete":0,"tableDone":false},{"currentRowIndex":0,"tableIndex":0,"count":1720,"isLast":false,"percentComplete":0,"tableDone":false},{"currentRowIndex":0,"tableIndex":0,"count":1725,"isLast":false,"percentComplete":0,"tableDone":false},{"currentRowIndex":0,"tableIndex":0,"count":1730,"isLast":false,"percentComplete":0,"tableDone":false},{"currentRowIndex":0,"tableIndex":0,"count":1735,"isLast":false,"percentComplete":0,"tableDone":false},{"currentRowIndex":0,"tableIndex":0,"count":1740,"isLast":false,"percentComplete":0,"tableDone":false},{"currentRowIndex":0,"tableIndex":0,"count":1745,"isLast":false,"percentComplete":0,"tableDone":false},{"currentRowIndex":0,"tableIndex":0,"count":1750,"isLast":false,"percentComplete":0,"tableDone":false},{"currentRowIndex":0,"tableIndex":0,"count":1755,"isLast":false,"percentComplete":0,"tableDone":false},{"currentRowIndex":0,"tableIndex":0,"count":1760,"isLast":false,"percentComplete":0,"tableDone":false},{"currentRowIndex":0,"tableIndex":0,"count":1765,"isLast":false,"percentComplete":0,"tableDone":false},{"currentRowIndex":0,"tableIndex":0,"count":1770,"isLast":false,"percentComplete":0,"tableDone":false},{"currentRowIndex":0,"tableIndex":0,"count":1775,"isLast":false,"percentComplete":0,"tableDone":false},{"currentRowIndex":0,"tableIndex":0,"count":1780,"isLast":false,"percentComplete":0,"tableDone":false},{"currentRowIndex":0,"tableIndex":0,"count":1785,"isLast":false,"percentComplete":0,"tableDone":false},{"currentRowIndex":0,"tableIndex":0,"count":1790,"isLast":false,"percentComplete":0,"tableDone":false},{"currentRowIndex":0,"tableIndex":0,"count":1795,"isLast":false,"percentComplete":0,"tableDone":false},{"currentRowIndex":0,"tableIndex":0,"count":1800,"isLast":false,"percentComplete":0,"tableDone":false},{"currentRowIndex":0,"tableIndex":0,"count":1805,"isLast":false,"percentComplete":0,"tableDone":false},{"currentRowIndex":0,"tableIndex":0,"count":1810,"isLast":false,"percentComplete":0,"tableDone":false},{"currentRowIndex":0,"tableIndex":0,"count":1815,"isLast":false,"percentComplete":0,"tableDone":false},{"currentRowIndex":0,"tableIndex":0,"count":1820,"isLast":false,"percentComplete":0,"tableDone":false},{"currentRowIndex":0,"tableIndex":0,"count":1825,"isLast":false,"percentComplete":0,"tableDone":false},{"currentRowIndex":0,"tableIndex":0,"count":1830,"isLast":false,"percentComplete":0,"tableDone":false},{"currentRowIndex":0,"tableIndex":0,"count":1835,"isLast":false,"percentComplete":0,"tableDone":false},{"currentRowIndex":0,"tableIndex":0,"count":1840,"isLast":false,"percentComplete":0,"tableDone":false},{"currentRowIndex":0,"tableIndex":0,"count":1845,"isLast":false,"percentComplete":0,"tableDone":false},{"currentRowIndex":0,"tableIndex":0,"count":1850,"isLast":false,"percentComplete":0,"tableDone":false},{"currentRowIndex":0,"tableIndex":0,"count":1855,"isLast":false,"percentComplete":0,"tableDone":false},{"currentRowIndex":0,"tableIndex":0,"count":1860,"isLast":false,"percentComplete":0,"tableDone":false},{"currentRowIndex":0,"tableIndex":0,"count":1865,"isLast":false,"percentComplete":0,"tableDone":false},{"currentRowIndex":0,"tableIndex":0,"count":1870,"isLast":false,"percentComplete":0,"tableDone":false},{"currentRowIndex":0,"tableIndex":0,"count":1875,"isLast":false,"percentComplete":0,"tableDone":false},{"currentRowIndex":0,"tableIndex":0,"count":1880,"isLast":false,"percentComplete":0,"tableDone":false},{"currentRowIndex":0,"tableIndex":0,"count":1885,"isLast":false,"percentComplete":0,"tableDone":false},{"currentRowIndex":0,"tableIndex":0,"count":1890,"isLast":false,"percentComplete":0,"tableDone":false},{"currentRowIndex":0,"tableIndex":0,"count":1895,"isLast":false,"percentComplete":0,"tableDone":false},{"currentRowIndex":0,"tableIndex":0,"count":1900,"isLast":false,"percentComplete":0,"tableDone":false},{"currentRowIndex":0,"tableIndex":0,"count":1905,"isLast":false,"percentComplete":0,"tableDone":false},{"currentRowIndex":0,"tableIndex":0,"count":1910,"isLast":false,"percentComplete":0,"tableDone":false},{"currentRowIndex":0,"tableIndex":0,"count":1915,"isLast":false,"percentComplete":0,"tableDone":false},{"currentRowIndex":0,"tableIndex":0,"count":1920,"isLast":false,"percentComplete":0,"tableDone":false},{"currentRowIndex":0,"tableIndex":0,"count":1925,"isLast":false,"percentComplete":0,"tableDone":false},{"currentRowIndex":0,"tableIndex":0,"count":1930,"isLast":false,"percentComplete":0,"tableDone":false},{"currentRowIndex":0,"tableIndex":0,"count":1935,"isLast":false,"percentComplete":0,"tableDone":false},{"currentRowIndex":0,"tableIndex":0,"count":1940,"isLast":false,"percentComplete":0,"tableDone":false},{"currentRowIndex":0,"tableIndex":0,"count":1945,"isLast":false,"percentComplete":0,"tableDone":false},{"currentRowIndex":0,"tableIndex":0,"count":1950,"isLast":false,"percentComplete":0,"tableDone":false},{"currentRowIndex":0,"tableIndex":0,"count":1955,"isLast":false,"percentComplete":0,"tableDone":false},{"currentRowIndex":0,"tableIndex":0,"count":1960,"isLast":false,"percentComplete":0,"tableDone":false},{"currentRowIndex":0,"tableIndex":0,"count":1965,"isLast":false,"percentComplete":0,"tableDone":false},{"currentRowIndex":0,"tableIndex":0,"count":1970,"isLast":false,"percentComplete":0,"tableDone":true}],"trainingAccuracy":1,"checkpointMetrics":{},"analysedDataType":"datasource","dataSourceID":"61F6B0EE-5CF4-46DD-AA2A-AF2FD06D3D6E","snapshottableCheckpoints":{},"featureExtractionCheckpointMayBeAvailable":false,"validationAccuracy":0.96460176991150437,"startTime":"2023-05-02T11:10:35Z"},"createdDate":"2023-05-02T11:09:55Z","evaluationContainerEntity":{"testingEvaluationEntity":{"id":"23a5126b-23c4-4113-a8b9-cb12229966d7","createdDate":"2023-05-02T11:09:55Z","dataResult":{"createdDate":"2023-05-02T11:09:55Z"},"analysedDataType":"none"},"createdDate":"2023-05-02T11:14:21Z","id":"ddd19aca-50bf-47d4-b2ed-b8c7cbcdd1e0","trainingEvaluationEntity":{"evaluationResult":{"imageClassifier":{"confusionMatrix":[{"expected":"cat","actual":"cat","count":920},{"expected":"dog","actual":"dog","count":937}],"statsByLabel":{"cat":{"count":920,"precisionRecall":{"success":{"recall":1,"precision":1}}},"dog":{"count":937,"precisionRecall":{"success":{"recall":1,"precision":1}}}},"accuracy":1}},"createdDate":"2023-05-02T11:09:55Z","id":"bcdc8336-ab53-4ea9-90c8-6f62aa7b514e","dataURL":"file:\/\/\/Users\/tanmaynema\/Desktop\/Projects\/SwiftUI-DogCatClassifier\/Training%20Data\/","dataSourceID":"61F6B0EE-5CF4-46DD-AA2A-AF2FD06D3D6E","dataResult":{"itemsCount":1970,"createdDate":"2023-05-02T11:09:55Z","dataURL":"file:\/\/\/Users\/tanmaynema\/Desktop\/Projects\/SwiftUI-DogCatClassifier\/Training%20Data\/","dataSourceID":"61F6B0EE-5CF4-46DD-AA2A-AF2FD06D3D6E","classesCount":2,"dataAnalysis":{"summary":{"canUseValidation":1,"classCount":2,"sampleCount":1970},"issues":[{"description":"2 classes found, including cat, dog","severity":"debug"},{"description":"1970 images found, automatically creating validation set","severity":"good"},{"description":"Smallest class is \"dog\" with 985 images","severity":"debug"},{"description":"Largest class is \"cat\" with 985 images","severity":"debug"}],"classifierAnalysis":{"labelStats":{"cat":985,"dog":985}}}},"analysedDataType":"none"},"previewType":"imageClassifier","modifiedDate":"2023-05-02T11:14:21Z","validationEvaluationEntity":{"id":"87e4d165-c39f-4090-85e0-ad87d87a5a87","createdDate":"2023-05-02T11:09:55Z","dataResult":{"createdDate":"2023-05-02T11:09:55Z"},"analysedDataType":"auto","evaluationResult":{"imageClassifier":{"confusionMatrix":[{"expected":"cat","actual":"cat","count":62},{"expected":"dog","actual":"cat","count":3},{"expected":"cat","actual":"dog","count":1},{"expected":"dog","actual":"dog","count":47}],"statsByLabel":{"cat":{"count":65,"precisionRecall":{"success":{"recall":0.9538461538461539,"precision":0.98412698412698407}}},"dog":{"count":48,"precisionRecall":{"success":{"recall":0.97916666666666663,"precision":0.93999999999999995}}}},"accuracy":0.96460176991150437}}},"evaluationEntities":[{"evaluationResult":{"imageClassifier":{"confusionMatrix":[{"expected":"cat","actual":"cat","count":13},{"expected":"dog","actual":"cat","count":2},{"expected":"dog","actual":"dog","count":15}],"detail":{"predictions":{"cat":[{"truePositive":{}},[{"predictions":{"dog":0.026113389059901237,"cat":0.97388660907745361},"actual":"cat","predicted":"cat","url":"file:\/\/\/Users\/tanmaynema\/Desktop\/Projects\/SwiftUI-DogCatClassifier\/Testing%20Data\/cat\/cat989.jpg"},{"predictions":{"dog":8.9178964213232348e-10,"cat":1},"actual":"cat","predicted":"cat","url":"file:\/\/\/Users\/tanmaynema\/Desktop\/Projects\/SwiftUI-DogCatClassifier\/Testing%20Data\/cat\/cat977.jpg"},{"predictions":{"dog":2.4325894488856636e-13,"cat":1},"actual":"cat","predicted":"cat","url":"file:\/\/\/Users\/tanmaynema\/Desktop\/Projects\/SwiftUI-DogCatClassifier\/Testing%20Data\/cat\/cat988.jpg"},{"predictions":{"dog":7.5374656179522407e-16,"cat":1},"actual":"cat","predicted":"cat","url":"file:\/\/\/Users\/tanmaynema\/Desktop\/Projects\/SwiftUI-DogCatClassifier\/Testing%20Data\/cat\/cat980.jpg"},{"predictions":{"dog":1.7720659243450541e-18,"cat":1},"actual":"cat","predicted":"cat","url":"file:\/\/\/Users\/tanmaynema\/Desktop\/Projects\/SwiftUI-DogCatClassifier\/Testing%20Data\/cat\/cat983.jpg"},{"predictions":{"dog":9.1144305309919145e-17,"cat":1},"actual":"cat","predicted":"cat","url":"file:\/\/\/Users\/tanmaynema\/Desktop\/Projects\/SwiftUI-DogCatClassifier\/Testing%20Data\/cat\/cat982.jpg"},{"predictions":{"dog":8.6972032769981275e-17,"cat":1},"actual":"cat","predicted":"cat","url":"file:\/\/\/Users\/tanmaynema\/Desktop\/Projects\/SwiftUI-DogCatClassifier\/Testing%20Data\/cat\/cat986.jpg"},{"predictions":{"dog":1.9634623516905786e-14,"cat":1},"actual":"cat","predicted":"cat","url":"file:\/\/\/Users\/tanmaynema\/Desktop\/Projects\/SwiftUI-DogCatClassifier\/Testing%20Data\/cat\/cat979.jpg"},{"predictions":{"dog":5.0227928806546938e-17,"cat":1},"actual":"cat","predicted":"cat","url":"file:\/\/\/Users\/tanmaynema\/Desktop\/Projects\/SwiftUI-DogCatClassifier\/Testing%20Data\/cat\/cat987.jpg"},{"predictions":{"dog":8.8535222989710727e-13,"cat":1},"actual":"cat","predicted":"cat","url":"file:\/\/\/Users\/tanmaynema\/Desktop\/Projects\/SwiftUI-DogCatClassifier\/Testing%20Data\/cat\/cat985.jpg"},{"predictions":{"dog":0.0034470043610781431,"cat":0.99655300378799438},"actual":"cat","predicted":"cat","url":"file:\/\/\/Users\/tanmaynema\/Desktop\/Projects\/SwiftUI-DogCatClassifier\/Testing%20Data\/cat\/cat991.jpg"},{"predictions":{"dog":2.4751195884520349e-11,"cat":1},"actual":"cat","predicted":"cat","url":"file:\/\/\/Users\/tanmaynema\/Desktop\/Projects\/SwiftUI-DogCatClassifier\/Testing%20Data\/cat\/cat990.jpg"},{"predictions":{"dog":3.3252068363313125e-17,"cat":1},"actual":"cat","predicted":"cat","url":"file:\/\/\/Users\/tanmaynema\/Desktop\/Projects\/SwiftUI-DogCatClassifier\/Testing%20Data\/cat\/cat984.jpg"}],{"falseNegative":{}},[{"predictions":{"dog":0.8098723292350769,"cat":0.1901276707649231},"actual":"cat","predicted":"dog","url":"file:\/\/\/Users\/tanmaynema\/Desktop\/Projects\/SwiftUI-DogCatClassifier\/Testing%20Data\/cat\/cat981.jpg"},{"predictions":{"dog":0.99933719635009766,"cat":0.00066280463943257928},"actual":"cat","predicted":"dog","url":"file:\/\/\/Users\/tanmaynema\/Desktop\/Projects\/SwiftUI-DogCatClassifier\/Testing%20Data\/cat\/cat978.jpg"}],{"falsePositive":{}},[]],"dog":[{"falseNegative":{}},[],{"truePositive":{}},[{"predictions":{"dog":1,"cat":2.5230928457631308e-12},"actual":"dog","predicted":"dog","url":"file:\/\/\/Users\/tanmaynema\/Desktop\/Projects\/SwiftUI-DogCatClassifier\/Testing%20Data\/dog\/dog989.jpg"},{"predictions":{"dog":1,"cat":3.1086244689504383e-15},"actual":"dog","predicted":"dog","url":"file:\/\/\/Users\/tanmaynema\/Desktop\/Projects\/SwiftUI-DogCatClassifier\/Testing%20Data\/dog\/dog988.jpg"},{"predictions":{"dog":1,"cat":2.4455815150759008e-10},"actual":"dog","predicted":"dog","url":"file:\/\/\/Users\/tanmaynema\/Desktop\/Projects\/SwiftUI-DogCatClassifier\/Testing%20Data\/dog\/dog977.jpg"},{"predictions":{"dog":1,"cat":6.6613381477509392e-16},"actual":"dog","predicted":"dog","url":"file:\/\/\/Users\/tanmaynema\/Desktop\/Projects\/SwiftUI-DogCatClassifier\/Testing%20Data\/dog\/dog979.jpg"},{"predictions":{"dog":1,"cat":2.0530244171368395e-12},"actual":"dog","predicted":"dog","url":"file:\/\/\/Users\/tanmaynema\/Desktop\/Projects\/SwiftUI-DogCatClassifier\/Testing%20Data\/dog\/dog986.jpg"},{"predictions":{"dog":1,"cat":1.7319479184152442e-14},"actual":"dog","predicted":"dog","url":"file:\/\/\/Users\/tanmaynema\/Desktop\/Projects\/SwiftUI-DogCatClassifier\/Testing%20Data\/dog\/dog987.jpg"},{"predictions":{"dog":0.99999850988388062,"cat":1.474733039685816e-06},"actual":"dog","predicted":"dog","url":"file:\/\/\/Users\/tanmaynema\/Desktop\/Projects\/SwiftUI-DogCatClassifier\/Testing%20Data\/dog\/dog978.jpg"},{"predictions":{"dog":1,"cat":4.1104897263721796e-12},"actual":"dog","predicted":"dog","url":"file:\/\/\/Users\/tanmaynema\/Desktop\/Projects\/SwiftUI-DogCatClassifier\/Testing%20Data\/dog\/dog991.jpg"},{"predictions":{"dog":1,"cat":3.2609470679290098e-11},"actual":"dog","predicted":"dog","url":"file:\/\/\/Users\/tanmaynema\/Desktop\/Projects\/SwiftUI-DogCatClassifier\/Testing%20Data\/dog\/dog985.jpg"},{"predictions":{"dog":1,"cat":2.2916668562800169e-10},"actual":"dog","predicted":"dog","url":"file:\/\/\/Users\/tanmaynema\/Desktop\/Projects\/SwiftUI-DogCatClassifier\/Testing%20Data\/dog\/dog984.jpg"},{"predictions":{"dog":0.99999994039535522,"cat":3.8439726068872915e-08},"actual":"dog","predicted":"dog","url":"file:\/\/\/Users\/tanmaynema\/Desktop\/Projects\/SwiftUI-DogCatClassifier\/Testing%20Data\/dog\/dog990.jpg"},{"predictions":{"dog":1,"cat":4.3022696516459291e-11},"actual":"dog","predicted":"dog","url":"file:\/\/\/Users\/tanmaynema\/Desktop\/Projects\/SwiftUI-DogCatClassifier\/Testing%20Data\/dog\/dog980.jpg"},{"predictions":{"dog":1,"cat":7.8004269710163499e-13},"actual":"dog","predicted":"dog","url":"file:\/\/\/Users\/tanmaynema\/Desktop\/Projects\/SwiftUI-DogCatClassifier\/Testing%20Data\/dog\/dog981.jpg"},{"predictions":{"dog":1,"cat":1.5397016994711521e-11},"actual":"dog","predicted":"dog","url":"file:\/\/\/Users\/tanmaynema\/Desktop\/Projects\/SwiftUI-DogCatClassifier\/Testing%20Data\/dog\/dog983.jpg"},{"predictions":{"dog":1,"cat":5.2669002492677919e-10},"actual":"dog","predicted":"dog","url":"file:\/\/\/Users\/tanmaynema\/Desktop\/Projects\/SwiftUI-DogCatClassifier\/Testing%20Data\/dog\/dog982.jpg"}],{"falsePositive":{}},[{"predictions":{"dog":0.8098723292350769,"cat":0.1901276707649231},"actual":"cat","predicted":"dog","url":"file:\/\/\/Users\/tanmaynema\/Desktop\/Projects\/SwiftUI-DogCatClassifier\/Testing%20Data\/cat\/cat981.jpg"},{"predictions":{"dog":0.99933719635009766,"cat":0.00066280463943257928},"actual":"cat","predicted":"dog","url":"file:\/\/\/Users\/tanmaynema\/Desktop\/Projects\/SwiftUI-DogCatClassifier\/Testing%20Data\/cat\/cat978.jpg"}]]}},"accuracy":0.93333333333333335,"statsByLabel":{"cat":{"count":15,"precisionRecall":{"success":{"recall":0.8666666666666667,"precision":1}}},"dog":{"count":15,"precisionRecall":{"success":{"recall":1,"precision":0.88235294117647056}}}}}},"createdDate":"2023-05-02T11:14:12Z","id":"e02c092b-9215-4555-95fa-2f09f3e1707d","dataURL":"file:\/\/\/Users\/tanmaynema\/Desktop\/Projects\/SwiftUI-DogCatClassifier\/Testing%20Data\/","dataSourceID":"EEAC5CEA-6135-423E-B63A-927D5E42ABB6","dataResult":{"itemsCount":30,"createdDate":"2023-05-02T11:14:18Z","dataURL":"file:\/\/\/Users\/tanmaynema\/Desktop\/Projects\/SwiftUI-DogCatClassifier\/Testing%20Data\/","dataSourceID":"EEAC5CEA-6135-423E-B63A-927D5E42ABB6","classesCount":2,"dataAnalysis":{"summary":{"canUseValidation":0,"classCount":2,"sampleCount":30},"issues":[{"description":"2 classes found, including cat, dog","severity":"debug"},{"description":"Less than 50 total images found - add more to improve model validation","severity":"warning"},{"description":"Smallest class is \"dog\" with 15 images","severity":"debug"},{"description":"Largest class is \"cat\" with 15 images","severity":"debug"}],"classifierAnalysis":{"labelStats":{"cat":15,"dog":15}}}},"analysedDataType":"datasource","accuracy":0.93333333333333335,"startTime":"2023-05-02T11:14:19Z","finishTime":"2023-05-02T11:14:21Z"}]},"activityEntities":["trainingDataAdded",[{"id":"FCA64514-8FEB-469E-8DA7-E95DF8D2587C","title":"Training Data Added","createdDate":"2023-05-02T11:10:21Z","event":"trainingDataAdded","subtitle":"Training Data"}],"experimentCreated",[{"id":"F3AC75C6-942E-480B-8845-91215CB71D9D","title":"Model Source Created","createdDate":"2023-05-02T11:09:55Z","event":"experimentCreated","subtitle":"CatDogImageClassification 1"}],"evaluationStarted",[{"id":"7CF68747-296D-4EB5-9D8E-3BBBD18007FB","title":"Testing Started","createdDate":"2023-05-02T11:14:19Z","event":"evaluationStarted","subtitle":"CatDogImageClassification 1"}],"trainingFinished",[{"id":"76C8C025-2B35-4267-A28C-1D2633DB4721","title":"Training Completed","createdDate":"2023-05-02T11:14:06Z","event":"trainingFinished","subtitle":"25 iterations"}],"trainingStarted",[{"id":"59D130B9-B39B-4748-896D-62C213EE78CF","title":"Training Started","createdDate":"2023-05-02T11:10:35Z","event":"trainingStarted","subtitle":"25 iterations"}],"evaluationFinished",[{"id":"FA5998B7-8E67-4F90-8117-99B3953B3F5B","title":"Testing Completed","createdDate":"2023-05-02T11:14:21Z","event":"evaluationFinished","subtitle":"CatDogImageClassification 1"}]],"evaluationState":"evaluated","title":"CatDogImageClassification 1","evaluationEntity":{"id":"ebd97268-077e-4ba2-ae46-29bc815a2c90","analysedDataType":"none","dataResult":{}},"snapshotRole":{"withoutSnapshots":0},"contentDataResult":{"createdDate":"2023-05-02T11:09:55Z"},"modifiedDate":"2023-05-02T11:14:21Z","preferredFilename":"CatDogImageClassification 1"}