{"dataURL":"file:\/\/\/Users\/tanmaynema\/Desktop\/Projects\/SwiftUI-DogCatClassifier\/Training%20Data\/","id":"61F6B0EE-5CF4-46DD-AA2A-AF2FD06D3D6E","createdDate":"2023-05-02T11:10:20Z","title":"Training Data","modifiedDate":"2023-05-02T11:10:35Z","preferredFilename":"Training Data","version":"1.0","dataResult":{"dataURL":"file:\/\/\/Users\/tanmaynema\/Desktop\/Projects\/SwiftUI-DogCatClassifier\/Training%20Data\/","createdDate":"2023-05-02T11:10:20Z","dataSourceID":"61F6B0EE-5CF4-46DD-AA2A-AF2FD06D3D6E"},"activityEntities":["dataSourceTrainingStarted",[{"id":"61121B2B-7920-4EA4-A927-6BA838331229","title":"Used By","createdDate":"2023-05-02T11:10:35Z","event":"dataSourceTrainingStarted","subtitle":"CatDogImageClassification 1"}],"dataSourceCreated",[{"id":"EABD8420-450A-4ED6-82AA-BAE33E0A85E4","title":"Data Source Created","createdDate":"2023-05-02T11:10:20Z","event":"dataSourceCreated","subtitle":"Training Data"}],"dataSourceMetrics",[{"id":"9AC6568B-8466-48A5-A07C-11A3F1ED50A9","title":"Data Summary","createdDate":"2023-05-02T11:10:35Z","event":"dataSourceMetrics","subtitle":"2 Classes, 1,970 Items"}]],"pathType":0,"experimentIDs":["1759ACBE-3DF8-4C81-A632-45601A233111"]}